{"cameraMode":{"drawMode":0,"name":"Shaded","section":"Shading Mode"},"sceneLighting":true,"audioPlay":false,"sceneViewState":{"m_AlwaysRefresh":false,"showFog":true,"showSkybox":true,"showFlares":true,"showImageEffects":true,"showParticleSystems":true,"showVisualEffectGraphs":true,"m_FxEnabled":true},"in2DMode":false,"pivot":{"x":36.97544479370117,"y":0.28085416555404665,"z":31.030805587768556},"rotation":{"x":0.05752244591712952,"y":-0.9263990521430969,"z":0.1582670360803604,"w":0.33668041229248049},"size":0.45115047693252566,"orthographic":false}