{"cameraMode":{"drawMode":0,"name":"Shaded","section":"Shading Mode"},"sceneLighting":true,"audioPlay":false,"sceneViewState":{"m_AlwaysRefresh":false,"showFog":true,"showSkybox":true,"showFlares":true,"showImageEffects":true,"showParticleSystems":true,"showVisualEffectGraphs":true,"m_FxEnabled":true},"in2DMode":false,"pivot":{"x":35.937808990478519,"y":-1.9926903247833253,"z":31.81810760498047},"rotation":{"x":0.09059921652078629,"y":-0.8849586844444275,"z":0.19391095638275147,"w":0.41347891092300417},"size":3.8131818771362306,"orthographic":false}